customer_id,first_name,last_name,gender,email,city,state,signup_date
1,Karan,Sharma,Male,karan.sharma@gmail.com,Shimla,Himachal Pradesh,10/8/2024
2,Meera,Joshi,Female,meera.joshi@gmail.com,Jaipur,Rajasthan,4/14/2024
3,Abhishek,Singh,Male,abhishek.singh@gmail.com,Surat,Gujarat,3/8/2025
4,Sneha,Sharma,Female,sneha.sharma@gmail.com,Lucknow,Uttar Pradesh,8/11/2024
5,Saurabh,Kaur,Male,saurabh.kaur@gmail.com,Bengaluru,Karnataka,1/28/2024
6,Payal,Mehta,Female,payal.mehta@gmail.com,Gurugram,Haryana,10/27/2025
7,Abhishek,Saxena,Male,abhishek.saxena@gmail.com,Indore,Madhya Pradesh,4/4/2025
8,Muskan,Yadav,Female,muskan.yadav@gmail.com,Visakhapatnam,Andhra Pradesh,1/7/2024
9,Arjun,Arora,Male,arjun.arora@gmail.com,Noida,Uttar Pradesh,12/14/2024
10,Simran,Gupta,Female,simran.gupta@gmail.com,Pune,Maharashtra,12/10/2024
11,Karan,Singh,Male,karan.singh@gmail.com,Kanpur,Uttar Pradesh,4/9/2024
12,Ishita,Kulkarni,Female,ishita.kulkarni@gmail.com,Kochi,Kerala,9/10/2025
13,Nikhil,Srivastava,Male,nikhil.srivastava@gmail.com,Mumbai,Maharashtra,4/15/2025
14,Payal,Patel,Female,payal.patel@gmail.com,Jammu,Jammu & Kashmir,1/22/2025
15,Rohan,Jain,Male,rohan.jain@gmail.com,Chandigarh,Punjab,10/5/2025
16,Swati,Chopra,Female,swati.chopra@gmail.com,Vadodara,Gujarat,1/5/2025
17,Rohit,Mehta,Male,rohit.mehta@gmail.com,Gurugram,Haryana,3/12/2024
18,Sneha,Malhotra,Female,sneha.malhotra@gmail.com,Indore,Madhya Pradesh,10/23/2024
19,Rohan,Kulkarni,Male,rohan.kulkarni@gmail.com,Indore,Madhya Pradesh,4/13/2024
20,Tanvi,Yadav,Female,tanvi.yadav@gmail.com,Nagpur,Maharashtra,10/12/2025
21,Akash,Mishra,Male,akash.mishra@gmail.com,Kochi,Kerala,12/29/2024
22,Ritika,Malhotra,Female,ritika.malhotra@gmail.com,Patna,Bihar,12/19/2025
23,Rohan,Chauhan,Male,rohan.chauhan@gmail.com,Dehradun,Uttarakhand,6/24/2024
24,Payal,Pandey,Female,payal.pandey@gmail.com,Indore,Madhya Pradesh,6/16/2024
25,Rajat,Agarwal,Male,rajat.agarwal@gmail.com,Patna,Bihar,10/17/2025
26,Payal,Joshi,Female,payal.joshi@gmail.com,Kolkata,West Bengal,11/28/2024
27,Amit,Joshi,Male,amit.joshi@gmail.com,Ranchi,Jharkhand,2/2/2024
28,Divya,Agarwal,Female,divya.agarwal@gmail.com,Patna,Bihar,3/8/2024
29,Aditya,Khan,Male,aditya.khan@gmail.com,Nashik,Maharashtra,11/18/2024
30,Ritika,Ghosh,Female,ritika.ghosh@gmail.com,Chennai,Tamil Nadu,2/9/2025
31,Rajat,Gupta,Male,rajat.gupta@gmail.com,Patna,Bihar,5/22/2024
32,Meera,Pandey,Female,meera.pandey@gmail.com,Amritsar,Punjab,7/5/2025
33,Nikhil,Pandey,Male,nikhil.pandey@gmail.com,Surat,Gujarat,3/14/2025
34,Muskan,Agarwal,Female,muskan.agarwal@gmail.com,Kochi,Kerala,8/12/2024
35,Vikas,Kaur,Male,vikas.kaur@gmail.com,Chennai,Tamil Nadu,4/3/2024
36,Sneha,Kulkarni,Female,sneha.kulkarni@gmail.com,Ahmedabad,Gujarat,6/5/2024
37,Arjun,Srivastava,Male,arjun.srivastava@gmail.com,Kolkata,West Bengal,3/8/2025
38,Swati,Singh,Female,swati.singh@gmail.com,Kanpur,Uttar Pradesh,1/25/2025
39,Yash,Iyer,Male,yash.iyer@gmail.com,Ludhiana,Punjab,9/14/2024
40,Payal,Kulkarni,Female,payal.kulkarni@gmail.com,Delhi,Delhi,11/27/2025
41,Karan,Malhotra,Male,karan.malhotra@gmail.com,Nashik,Maharashtra,7/3/2025
42,Simran,Reddy,Female,simran.reddy@gmail.com,Dehradun,Uttarakhand,12/14/2024
43,Karan,Kapoor,Male,karan.kapoor@gmail.com,Noida,Uttar Pradesh,6/10/2024
44,Nandini,Sharma,Female,nandini.sharma@gmail.com,Shimla,Himachal Pradesh,9/26/2024
45,Ankit,Reddy,Male,ankit.reddy@gmail.com,Bhopal,Madhya Pradesh,6/3/2025
46,Neha,Kulkarni,Female,neha.kulkarni@gmail.com,Dehradun,Uttarakhand,11/1/2024
47,Ankit,Chauhan,Male,ankit.chauhan@gmail.com,Pune,Maharashtra,6/5/2024
48,Ishita,Reddy,Female,ishita.reddy@gmail.com,Bhopal,Madhya Pradesh,7/6/2025
49,Ankit,Sharma,Male,ankit.sharma@gmail.com,Bengaluru,Karnataka,11/27/2024
50,Shreya,Sharma,Female,shreya.sharma@gmail.com,Ahmedabad,Gujarat,1/6/2025
51,Harsh,Joshi,Male,harsh.joshi@gmail.com,Mumbai,Maharashtra,9/3/2024
52,Muskan,Singh,Female,muskan.singh@gmail.com,Lucknow,Uttar Pradesh,5/12/2025
53,Rohan,Reddy,Male,rohan.reddy@gmail.com,Amritsar,Punjab,5/8/2024
54,Pooja,Malhotra,Female,pooja.malhotra@gmail.com,Chennai,Tamil Nadu,7/16/2025
55,Arjun,Yadav,Male,arjun.yadav@gmail.com,Ludhiana,Punjab,9/13/2025
56,Sakshi,Mehta,Female,sakshi.mehta@gmail.com,Jammu,Jammu & Kashmir,7/6/2025
57,Aditya,Arora,Male,aditya.arora@gmail.com,Chandigarh,Punjab,2/12/2025
58,Ishita,Iyer,Female,ishita.iyer@gmail.com,Nashik,Maharashtra,6/13/2025
59,Rajat,Patel,Male,rajat.patel@gmail.com,Indore,Madhya Pradesh,8/18/2024
60,Anjali,Nair,Female,anjali.nair@gmail.com,Delhi,Delhi,8/25/2025
61,Abhishek,Joshi,Male,abhishek.joshi@gmail.com,Surat,Gujarat,8/13/2024
62,Priya,Singh,Female,priya.singh@gmail.com,Gurugram,Haryana,10/8/2025
63,Amit,Joshi,Male,amit.joshi2@gmail.com,Lucknow,Uttar Pradesh,2/2/2024
64,Divya,Singh,Female,divya.singh@gmail.com,Ludhiana,Punjab,8/31/2024
65,Nikhil,Malhotra,Male,nikhil.malhotra@gmail.com,Chennai,Tamil Nadu,8/7/2024
66,Payal,Gupta,Female,payal.gupta@gmail.com,Shimla,Himachal Pradesh,8/7/2025
67,Rohit,Bansal,Male,rohit.bansal@gmail.com,Indore,Madhya Pradesh,4/29/2025
68,Sakshi,Mehta,Female,sakshi.mehta2@gmail.com,Ahmedabad,Gujarat,4/9/2024
69,Mohit,Tiwari,Male,mohit.tiwari@gmail.com,Noida,Uttar Pradesh,2/24/2025
70,Nandini,Kulkarni,Female,nandini.kulkarni@gmail.com,Shimla,Himachal Pradesh,2/25/2024
71,Karan,Verma,Male,karan.verma@gmail.com,Kanpur,Uttar Pradesh,12/13/2024
72,Neha,Joshi,Female,neha.joshi@gmail.com,Pune,Maharashtra,7/13/2024
73,Abhishek,Iyer,Male,abhishek.iyer@gmail.com,Jaipur,Rajasthan,3/8/2025
74,Kavya,Yadav,Female,kavya.yadav@gmail.com,Nagpur,Maharashtra,9/12/2024
75,Rohan,Iyer,Male,rohan.iyer@gmail.com,Visakhapatnam,Andhra Pradesh,7/17/2025
76,Neha,Verma,Female,neha.verma@gmail.com,Dehradun,Uttarakhand,7/7/2025
77,Rahul,Singh,Male,rahul.singh@gmail.com,Jammu,Jammu & Kashmir,8/30/2024
78,Kavya,Saxena,Female,kavya.saxena@gmail.com,Chennai,Tamil Nadu,5/7/2025
79,Aditya,Kulkarni,Male,aditya.kulkarni@gmail.com,Kanpur,Uttar Pradesh,3/1/2024
80,Kavya,Agarwal,Female,kavya.agarwal@gmail.com,Delhi,Delhi,2/3/2025
81,Nikhil,Srivastava,Male,nikhil.srivastava2@gmail.com,Visakhapatnam,Andhra Pradesh,4/10/2025
82,Ayesha,Saxena,Female,ayesha.saxena@gmail.com,Gurugram,Haryana,7/23/2025
83,Rakesh,Gupta,Male,rakesh.gupta@gmail.com,Pune,Maharashtra,10/30/2024
84,Ritika,Verma,Female,ritika.verma@gmail.com,Surat,Gujarat,7/9/2025
85,Amit,Pandey,Male,amit.pandey@gmail.com,Hyderabad,Telangana,2/28/2024
86,Sneha,Khan,Female,sneha.khan@gmail.com,Chennai,Tamil Nadu,5/29/2025
87,Ankit,Mishra,Male,ankit.mishra@gmail.com,Mumbai,Maharashtra,6/4/2025
88,Anjali,Kulkarni,Female,anjali.kulkarni@gmail.com,Bhopal,Madhya Pradesh,3/11/2024
89,Yash,Singh,Male,yash.singh@gmail.com,Kolkata,West Bengal,8/28/2024
90,Tanvi,Patel,Female,tanvi.patel@gmail.com,Nashik,Maharashtra,8/6/2025
91,Saurabh,Khan,Male,saurabh.khan@gmail.com,Bengaluru,Karnataka,2/10/2024
92,Swati,Singh,Female,swati.singh2@gmail.com,Noida,Uttar Pradesh,11/4/2025
93,Rohit,Khan,Male,rohit.khan@gmail.com,Ludhiana,Punjab,11/19/2024
94,Simran,Mehta,Female,simran.mehta@gmail.com,Kolkata,West Bengal,11/17/2024
95,Saurabh,Yadav,Male,saurabh.yadav@gmail.com,Kanpur,Uttar Pradesh,5/14/2024
96,Ayesha,Iyer,Female,ayesha.iyer@gmail.com,Hyderabad,Telangana,3/15/2024
97,Rahul,Iyer,Male,rahul.iyer@gmail.com,Bengaluru,Karnataka,7/30/2025
98,Neha,Singh,Female,neha.singh@gmail.com,Amritsar,Punjab,8/6/2024
99,Ankit,Yadav,Male,ankit.yadav@gmail.com,Jaipur,Rajasthan,12/23/2024
100,Anjali,Chopra,Female,anjali.chopra@gmail.com,Indore,Madhya Pradesh,1/13/2025
101,Harsh,Mishra,Male,harsh.mishra@gmail.com,Nagpur,Maharashtra,7/10/2025
102,Ayesha,Chauhan,Female,ayesha.chauhan@gmail.com,Visakhapatnam,Andhra Pradesh,10/31/2025
103,Ankit,Sharma,Male,ankit.sharma2@gmail.com,Kolkata,West Bengal,7/21/2025
104,Ayesha,Malhotra,Female,ayesha.malhotra@gmail.com,Ahmedabad,Gujarat,5/17/2024
105,Nikhil,Patel,Male,nikhil.patel@gmail.com,Nashik,Maharashtra,4/19/2024
106,Payal,Gupta,Female,payal.gupta2@gmail.com,Patna,Bihar,10/15/2024
107,Yash,Mehta,Male,yash.mehta@gmail.com,Gurugram,Haryana,12/17/2024
108,Ritika,Malhotra,Female,ritika.malhotra2@gmail.com,Dehradun,Uttarakhand,9/27/2024
109,Ankit,Bansal,Male,ankit.bansal@gmail.com,Patna,Bihar,2/22/2024
110,Anjali,Ghosh,Female,anjali.ghosh@gmail.com,Noida,Uttar Pradesh,10/10/2024
111,Amit,Sharma,Male,amit.sharma@gmail.com,Hyderabad,Telangana,5/13/2024
112,Simran,Mishra,Female,simran.mishra@gmail.com,Shimla,Himachal Pradesh,3/28/2025
113,Abhishek,Arora,Male,abhishek.arora@gmail.com,Noida,Uttar Pradesh,7/28/2025
114,Priya,Patel,Female,priya.patel@gmail.com,Lucknow,Uttar Pradesh,12/8/2025
115,Vikas,Jain,Male,vikas.jain@gmail.com,Mumbai,Maharashtra,1/13/2025
116,Muskan,Jain,Female,muskan.jain@gmail.com,Jaipur,Rajasthan,3/16/2025
117,Vikas,Verma,Male,vikas.verma@gmail.com,Chandigarh,Punjab,1/8/2025
118,Sneha,Chopra,Female,sneha.chopra@gmail.com,Kochi,Kerala,8/3/2024
119,Saurabh,Malhotra,Male,saurabh.malhotra@gmail.com,Ahmedabad,Gujarat,12/28/2024
120,Payal,Chopra,Female,payal.chopra@gmail.com,Vadodara,Gujarat,2/20/2025
121,Yash,Pandey,Male,yash.pandey@gmail.com,Jaipur,Rajasthan,8/30/2024
122,Kavya,Srivastava,Female,kavya.srivastava@gmail.com,Visakhapatnam,Andhra Pradesh,6/30/2024
123,Mohit,Sharma,Male,mohit.sharma@gmail.com,Bhopal,Madhya Pradesh,12/6/2024
124,Sakshi,Srivastava,Female,sakshi.srivastava@gmail.com,Kolkata,West Bengal,9/11/2024
125,Nikhil,Mishra,Male,nikhil.mishra@gmail.com,Visakhapatnam,Andhra Pradesh,12/19/2025
126,Neha,Agarwal,Female,neha.agarwal@gmail.com,Vadodara,Gujarat,2/9/2024
127,Rakesh,Joshi,Male,rakesh.joshi@gmail.com,Pune,Maharashtra,4/16/2025
128,Ishita,Kapoor,Female,ishita.kapoor@gmail.com,Ranchi,Jharkhand,8/21/2024
129,Saurabh,Sharma,Male,saurabh.sharma@gmail.com,Kolkata,West Bengal,7/16/2024
130,Tanvi,Nair,Female,tanvi.nair@gmail.com,Patna,Bihar,3/12/2024
131,Nikhil,Tiwari,Male,nikhil.tiwari@gmail.com,Dehradun,Uttarakhand,6/5/2025
132,Tanvi,Malhotra,Female,tanvi.malhotra@gmail.com,Ranchi,Jharkhand,7/3/2025
133,Manish,Sharma,Male,manish.sharma@gmail.com,Ahmedabad,Gujarat,9/24/2024
134,Kavya,Khan,Female,kavya.khan@gmail.com,Patna,Bihar,2/9/2024
135,Karan,Chauhan,Male,karan.chauhan@gmail.com,Noida,Uttar Pradesh,12/19/2024
136,Divya,Saxena,Female,divya.saxena@gmail.com,Bengaluru,Karnataka,6/7/2025
137,Karan,Agarwal,Male,karan.agarwal@gmail.com,Nashik,Maharashtra,8/13/2025
138,Ritika,Yadav,Female,ritika.yadav@gmail.com,Mumbai,Maharashtra,12/26/2025
139,Mohit,Sharma,Male,mohit.sharma2@gmail.com,Ludhiana,Punjab,7/5/2025
140,Ritika,Tiwari,Female,ritika.tiwari@gmail.com,Noida,Uttar Pradesh,3/12/2024
141,Manish,Chauhan,Male,manish.chauhan@gmail.com,Hyderabad,Telangana,11/10/2025
142,Neha,Pandey,Female,neha.pandey@gmail.com,Nashik,Maharashtra,11/3/2024
143,Ankit,Kapoor,Male,ankit.kapoor@gmail.com,Kolkata,West Bengal,2/22/2025
144,Divya,Agarwal,Female,divya.agarwal2@gmail.com,Gurugram,Haryana,10/29/2024
145,Abhishek,Gupta,Male,abhishek.gupta@gmail.com,Pune,Maharashtra,3/6/2025
146,Tanvi,Malhotra,Female,tanvi.malhotra2@gmail.com,Shimla,Himachal Pradesh,6/27/2024
147,Yash,Khan,Male,yash.khan@gmail.com,Chandigarh,Punjab,2/19/2025
148,Payal,Desai,Female,payal.desai@gmail.com,Delhi,Delhi,11/7/2024
149,Harsh,Mehta,Male,harsh.mehta@gmail.com,Noida,Uttar Pradesh,8/16/2025
150,Swati,Ghosh,Female,swati.ghosh@gmail.com,Hyderabad,Telangana,4/21/2025
151,Rajat,Iyer,Male,rajat.iyer@gmail.com,Kolkata,West Bengal,8/6/2024
152,Riya,Bansal,Female,riya.bansal@gmail.com,Visakhapatnam,Andhra Pradesh,6/22/2024
153,Rohan,Kapoor,Male,rohan.kapoor@gmail.com,Ludhiana,Punjab,11/10/2025
154,Swati,Nair,Female,swati.nair@gmail.com,Lucknow,Uttar Pradesh,8/28/2024
155,Harsh,Joshi,Male,harsh.joshi2@gmail.com,Visakhapatnam,Andhra Pradesh,7/22/2024
156,Pooja,Sharma,Female,pooja.sharma@gmail.com,Mumbai,Maharashtra,9/7/2024
157,Rakesh,Chauhan,Male,rakesh.chauhan@gmail.com,Vadodara,Gujarat,3/15/2024
158,Nandini,Saxena,Female,nandini.saxena@gmail.com,Nashik,Maharashtra,10/6/2025
159,Rohit,Mehta,Male,rohit.mehta2@gmail.com,Gurugram,Haryana,12/14/2025
160,Tanvi,Bansal,Female,tanvi.bansal@gmail.com,Kanpur,Uttar Pradesh,9/6/2024
161,Vikas,Ghosh,Male,vikas.ghosh@gmail.com,Gurugram,Haryana,1/6/2024
162,Neha,Reddy,Female,neha.reddy@gmail.com,Noida,Uttar Pradesh,8/12/2024
163,Arjun,Srivastava,Male,arjun.srivastava2@gmail.com,Gurugram,Haryana,6/14/2025
164,Nandini,Verma,Female,nandini.verma@gmail.com,Amritsar,Punjab,9/12/2024
165,Karan,Iyer,Male,karan.iyer@gmail.com,Jaipur,Rajasthan,4/20/2025
166,Riya,Jain,Female,riya.jain@gmail.com,Bengaluru,Karnataka,11/20/2024
167,Rajat,Chauhan,Male,rajat.chauhan@gmail.com,Ranchi,Jharkhand,5/31/2025
168,Sakshi,Desai,Female,sakshi.desai@gmail.com,Jammu,Jammu & Kashmir,7/15/2025
169,Rajat,Chopra,Male,rajat.chopra@gmail.com,Bhopal,Madhya Pradesh,5/1/2025
170,Nandini,Yadav,Female,nandini.yadav@gmail.com,Varanasi,Uttar Pradesh,9/10/2024
171,Nikhil,Reddy,Male,nikhil.reddy@gmail.com,Varanasi,Uttar Pradesh,6/17/2025
172,Shreya,Ghosh,Female,shreya.ghosh@gmail.com,Indore,Madhya Pradesh,10/8/2024
173,Rajat,Singh,Male,rajat.singh@gmail.com,Gurugram,Haryana,10/19/2024
174,Meera,Yadav,Female,meera.yadav@gmail.com,Hyderabad,Telangana,11/23/2024
175,Abhishek,Singh,Male,abhishek.singh2@gmail.com,Jaipur,Rajasthan,6/3/2024
176,Meera,Agarwal,Female,meera.agarwal@gmail.com,Gurugram,Haryana,6/5/2024
177,Aditya,Singh,Male,aditya.singh@gmail.com,Noida,Uttar Pradesh,2/21/2025
178,Divya,Jain,Female,divya.jain@gmail.com,Nagpur,Maharashtra,3/1/2025
179,Amit,Mehta,Male,amit.mehta@gmail.com,Ranchi,Jharkhand,3/6/2025
180,Tanvi,Chopra,Female,tanvi.chopra@gmail.com,Varanasi,Uttar Pradesh,8/21/2025
181,Rahul,Kulkarni,Male,rahul.kulkarni@gmail.com,Nashik,Maharashtra,8/12/2025
182,Tanvi,Bansal,Female,tanvi.bansal2@gmail.com,Delhi,Delhi,12/26/2024
183,Harsh,Reddy,Male,harsh.reddy@gmail.com,Kanpur,Uttar Pradesh,3/5/2025
184,Payal,Pandey,Female,payal.pandey2@gmail.com,Shimla,Himachal Pradesh,7/13/2025
185,Yash,Chopra,Male,yash.chopra@gmail.com,Indore,Madhya Pradesh,5/14/2025
186,Meera,Yadav,Female,meera.yadav2@gmail.com,Noida,Uttar Pradesh,5/12/2025
187,Rahul,Agarwal,Male,rahul.agarwal@gmail.com,Hyderabad,Telangana,11/15/2025
188,Tanvi,Pandey,Female,tanvi.pandey@gmail.com,Bhopal,Madhya Pradesh,4/23/2025
189,Vikas,Chauhan,Male,vikas.chauhan@gmail.com,Amritsar,Punjab,1/28/2024
190,Tanvi,Khan,Female,tanvi.khan@gmail.com,Surat,Gujarat,11/9/2025
191,Rahul,Singh,Male,rahul.singh2@gmail.com,Dehradun,Uttarakhand,3/14/2025
192,Pooja,Kulkarni,Female,pooja.kulkarni@gmail.com,Nagpur,Maharashtra,7/5/2024
193,Amit,Yadav,Male,amit.yadav@gmail.com,Kanpur,Uttar Pradesh,12/1/2024
194,Ritika,Iyer,Female,ritika.iyer@gmail.com,Hyderabad,Telangana,12/11/2024
195,Vivek,Yadav,Male,vivek.yadav@gmail.com,Varanasi,Uttar Pradesh,3/7/2025
196,Simran,Desai,Female,simran.desai@gmail.com,Lucknow,Uttar Pradesh,4/26/2025
197,Rahul,Pandey,Male,rahul.pandey@gmail.com,Amritsar,Punjab,2/23/2024
198,Ishita,Joshi,Female,ishita.joshi@gmail.com,Dehradun,Uttarakhand,3/11/2024
199,Amit,Reddy,Male,amit.reddy@gmail.com,Delhi,Delhi,9/10/2024
200,Ritika,Desai,Female,ritika.desai@gmail.com,Delhi,Delhi,9/28/2025
201,Vikas,Joshi,Male,vikas.joshi@gmail.com,Jaipur,Rajasthan,4/29/2025
202,Neha,Khan,Female,neha.khan@gmail.com,Pune,Maharashtra,4/21/2025
203,Nikhil,Reddy,Male,nikhil.reddy2@gmail.com,Kochi,Kerala,6/20/2024
204,Swati,Chauhan,Female,swati.chauhan@gmail.com,Shimla,Himachal Pradesh,4/27/2024
205,Arjun,Kapoor,Male,arjun.kapoor@gmail.com,Ahmedabad,Gujarat,8/15/2025
206,Priya,Kapoor,Female,priya.kapoor@gmail.com,Surat,Gujarat,11/24/2025
207,Vivek,Agarwal,Male,vivek.agarwal@gmail.com,Gurugram,Haryana,7/22/2024
208,Anjali,Khan,Female,anjali.khan@gmail.com,Gurugram,Haryana,10/4/2025
209,Saurabh,Patel,Male,saurabh.patel@gmail.com,Gurugram,Haryana,11/4/2024
210,Swati,Srivastava,Female,swati.srivastava@gmail.com,Ahmedabad,Gujarat,8/2/2025
211,Amit,Tiwari,Male,amit.tiwari@gmail.com,Amritsar,Punjab,3/14/2025
212,Ishita,Singh,Female,ishita.singh@gmail.com,Ludhiana,Punjab,10/25/2025
213,Manish,Sharma,Male,manish.sharma2@gmail.com,Vadodara,Gujarat,3/6/2025
214,Shreya,Patel,Female,shreya.patel@gmail.com,Noida,Uttar Pradesh,1/5/2025
215,Rajat,Arora,Male,rajat.arora@gmail.com,Jaipur,Rajasthan,3/21/2025
216,Kavya,Pandey,Female,kavya.pandey@gmail.com,Ludhiana,Punjab,10/28/2025
217,Nikhil,Chauhan,Male,nikhil.chauhan@gmail.com,Visakhapatnam,Andhra Pradesh,7/5/2025
218,Shreya,Iyer,Female,shreya.iyer@gmail.com,Noida,Uttar Pradesh,8/29/2025
219,Nikhil,Nair,Male,nikhil.nair@gmail.com,Vadodara,Gujarat,9/8/2024
220,Anjali,Yadav,Female,anjali.yadav@gmail.com,Nashik,Maharashtra,4/6/2025
221,Saurabh,Reddy,Male,saurabh.reddy@gmail.com,Nagpur,Maharashtra,8/6/2025
222,Swati,Malhotra,Female,swati.malhotra@gmail.com,Kanpur,Uttar Pradesh,12/10/2024
223,Rahul,Bansal,Male,rahul.bansal@gmail.com,Vadodara,Gujarat,11/28/2024
224,Kavya,Bansal,Female,kavya.bansal@gmail.com,Pune,Maharashtra,12/29/2024
225,Nikhil,Nair,Male,nikhil.nair2@gmail.com,Patna,Bihar,9/2/2025
226,Simran,Jain,Female,simran.jain@gmail.com,Delhi,Delhi,6/13/2025
227,Aditya,Singh,Male,aditya.singh2@gmail.com,Indore,Madhya Pradesh,2/20/2025
228,Shreya,Jain,Female,shreya.jain@gmail.com,Varanasi,Uttar Pradesh,9/3/2024
229,Rakesh,Ghosh,Male,rakesh.ghosh@gmail.com,Gurugram,Haryana,5/17/2025
230,Nandini,Srivastava,Female,nandini.srivastava@gmail.com,Delhi,Delhi,4/5/2024
231,Harsh,Joshi,Male,harsh.joshi3@gmail.com,Kanpur,Uttar Pradesh,12/9/2025
232,Meera,Kapoor,Female,meera.kapoor@gmail.com,Kolkata,West Bengal,8/18/2025
233,Akash,Bansal,Male,akash.bansal@gmail.com,Amritsar,Punjab,6/27/2025
234,Ishita,Saxena,Female,ishita.saxena@gmail.com,Shimla,Himachal Pradesh,7/17/2025
235,Manish,Tiwari,Male,manish.tiwari@gmail.com,Gurugram,Haryana,4/9/2025
236,Simran,Kapoor,Female,simran.kapoor@gmail.com,Patna,Bihar,8/24/2024
237,Karan,Pandey,Male,karan.pandey@gmail.com,Pune,Maharashtra,11/19/2024
238,Neha,Pandey,Female,neha.pandey2@gmail.com,Amritsar,Punjab,12/7/2025
239,Arjun,Mehta,Male,arjun.mehta@gmail.com,Pune,Maharashtra,5/10/2025
240,Simran,Pandey,Female,simran.pandey@gmail.com,Surat,Gujarat,6/21/2025
241,Yash,Kapoor,Male,yash.kapoor@gmail.com,Ahmedabad,Gujarat,7/17/2024
242,Ayesha,Joshi,Female,ayesha.joshi@gmail.com,Kochi,Kerala,7/2/2024
243,Harsh,Sharma,Male,harsh.sharma@gmail.com,Gurugram,Haryana,6/30/2025
244,Pooja,Yadav,Female,pooja.yadav@gmail.com,Mumbai,Maharashtra,2/25/2024
245,Abhishek,Kapoor,Male,abhishek.kapoor@gmail.com,Gurugram,Haryana,5/9/2024
246,Shreya,Patel,Female,shreya.patel2@gmail.com,Vadodara,Gujarat,1/13/2024
247,Rohit,Kapoor,Male,rohit.kapoor@gmail.com,Chennai,Tamil Nadu,5/5/2025
248,Nandini,Nair,Female,nandini.nair@gmail.com,Bhopal,Madhya Pradesh,2/22/2024
249,Nikhil,Kulkarni,Male,nikhil.kulkarni@gmail.com,Chennai,Tamil Nadu,4/26/2024
250,Anjali,Agarwal,Female,anjali.agarwal@gmail.com,Chennai,Tamil Nadu,3/16/2024
251,Rohit,Ghosh,Male,rohit.ghosh@gmail.com,Kolkata,West Bengal,2/24/2024
252,Pooja,Gupta,Female,pooja.gupta@gmail.com,Visakhapatnam,Andhra Pradesh,7/30/2025
253,Harsh,Singh,Male,harsh.singh@gmail.com,Indore,Madhya Pradesh,5/1/2024
254,Payal,Reddy,Female,payal.reddy@gmail.com,Noida,Uttar Pradesh,9/12/2025
255,Yash,Srivastava,Male,yash.srivastava@gmail.com,Bengaluru,Karnataka,8/19/2024
256,Riya,Agarwal,Female,riya.agarwal@gmail.com,Nagpur,Maharashtra,3/29/2025
257,Harsh,Kulkarni,Male,harsh.kulkarni@gmail.com,Surat,Gujarat,3/15/2025
258,Ayesha,Khan,Female,ayesha.khan@gmail.com,Bengaluru,Karnataka,3/2/2024
259,Yash,Pandey,Male,yash.pandey2@gmail.com,Ahmedabad,Gujarat,7/31/2024
260,Ritika,Yadav,Female,ritika.yadav2@gmail.com,Kolkata,West Bengal,3/24/2024
261,Arjun,Joshi,Male,arjun.joshi@gmail.com,Bhopal,Madhya Pradesh,7/19/2025
262,Anjali,Mishra,Female,anjali.mishra@gmail.com,Delhi,Delhi,2/22/2025
263,Rajat,Arora,Male,rajat.arora2@gmail.com,Bengaluru,Karnataka,4/26/2025
264,Ayesha,Verma,Female,ayesha.verma@gmail.com,Indore,Madhya Pradesh,10/22/2024
265,Harsh,Arora,Male,harsh.arora@gmail.com,Vadodara,Gujarat,4/9/2025
266,Anjali,Malhotra,Female,anjali.malhotra@gmail.com,Indore,Madhya Pradesh,9/27/2024
267,Rohit,Malhotra,Male,rohit.malhotra@gmail.com,Visakhapatnam,Andhra Pradesh,7/21/2024
268,Sakshi,Patel,Female,sakshi.patel@gmail.com,Amritsar,Punjab,8/18/2024
269,Vikas,Yadav,Male,vikas.yadav@gmail.com,Ranchi,Jharkhand,5/25/2024
270,Anjali,Verma,Female,anjali.verma@gmail.com,Bhopal,Madhya Pradesh,11/10/2024
271,Yash,Pandey,Male,yash.pandey3@gmail.com,Ranchi,Jharkhand,8/5/2025
272,Ayesha,Iyer,Female,ayesha.iyer2@gmail.com,Ahmedabad,Gujarat,4/24/2025
273,Harsh,Arora,Male,harsh.arora2@gmail.com,Kanpur,Uttar Pradesh,10/5/2024
274,Riya,Jain,Female,riya.jain2@gmail.com,Chennai,Tamil Nadu,3/24/2025
275,Rohan,Chauhan,Male,rohan.chauhan2@gmail.com,Mumbai,Maharashtra,3/18/2025
276,Divya,Chauhan,Female,divya.chauhan@gmail.com,Patna,Bihar,1/27/2024
277,Rohan,Joshi,Male,rohan.joshi@gmail.com,Kolkata,West Bengal,8/12/2025
278,Muskan,Sharma,Female,muskan.sharma@gmail.com,Varanasi,Uttar Pradesh,11/19/2025
279,Nikhil,Khan,Male,nikhil.khan@gmail.com,Mumbai,Maharashtra,6/28/2024
280,Shreya,Kaur,Female,shreya.kaur@gmail.com,Dehradun,Uttarakhand,3/28/2025
281,Nikhil,Mishra,Male,nikhil.mishra2@gmail.com,Surat,Gujarat,3/22/2025
282,Shreya,Singh,Female,shreya.singh@gmail.com,Chennai,Tamil Nadu,12/22/2024
283,Mohit,Nair,Male,mohit.nair@gmail.com,Hyderabad,Telangana,11/17/2025
284,Neha,Kulkarni,Female,neha.kulkarni2@gmail.com,Bhopal,Madhya Pradesh,12/3/2024
285,Mohit,Arora,Male,mohit.arora@gmail.com,Chennai,Tamil Nadu,10/22/2024
286,Tanvi,Desai,Female,tanvi.desai@gmail.com,Varanasi,Uttar Pradesh,7/17/2025
287,Amit,Iyer,Male,amit.iyer@gmail.com,Lucknow,Uttar Pradesh,11/18/2024
288,Simran,Nair,Female,simran.nair@gmail.com,Ahmedabad,Gujarat,2/17/2025
289,Ankit,Desai,Male,ankit.desai@gmail.com,Delhi,Delhi,11/4/2025
290,Payal,Iyer,Female,payal.iyer@gmail.com,Noida,Uttar Pradesh,2/25/2024
291,Aditya,Kaur,Male,aditya.kaur@gmail.com,Kochi,Kerala,9/29/2025
292,Shreya,Ghosh,Female,shreya.ghosh2@gmail.com,Nagpur,Maharashtra,2/22/2024
293,Aditya,Yadav,Male,aditya.yadav@gmail.com,Amritsar,Punjab,5/14/2024
294,Ayesha,Iyer,Female,ayesha.iyer3@gmail.com,Nashik,Maharashtra,12/16/2025
295,Rakesh,Patel,Male,rakesh.patel@gmail.com,Delhi,Delhi,10/7/2025
296,Swati,Srivastava,Female,swati.srivastava2@gmail.com,Indore,Madhya Pradesh,12/27/2025
297,Arjun,Kapoor,Male,arjun.kapoor2@gmail.com,Amritsar,Punjab,1/15/2024
298,Payal,Saxena,Female,payal.saxena@gmail.com,Lucknow,Uttar Pradesh,8/18/2024
299,Karan,Iyer,Male,karan.iyer2@gmail.com,Ahmedabad,Gujarat,10/25/2025
300,Pooja,Bansal,Female,pooja.bansal@gmail.com,Jammu,Jammu & Kashmir,10/25/2024
301,Ankit,Arora,Male,ankit.arora@gmail.com,Patna,Bihar,3/1/2025
302,Shreya,Bansal,Female,shreya.bansal@gmail.com,Indore,Madhya Pradesh,4/12/2025
303,Abhishek,Gupta,Male,abhishek.gupta2@gmail.com,Kanpur,Uttar Pradesh,7/14/2024
304,Swati,Kaur,Female,swati.kaur@gmail.com,Shimla,Himachal Pradesh,5/19/2024
305,Rohan,Yadav,Male,rohan.yadav@gmail.com,Varanasi,Uttar Pradesh,2/28/2025
306,Divya,Srivastava,Female,divya.srivastava@gmail.com,Ludhiana,Punjab,9/30/2024
307,Rahul,Kapoor,Male,rahul.kapoor@gmail.com,Shimla,Himachal Pradesh,11/1/2024
308,Muskan,Khan,Female,muskan.khan@gmail.com,Kolkata,West Bengal,5/16/2025
309,Vikas,Iyer,Male,vikas.iyer@gmail.com,Amritsar,Punjab,5/10/2025
310,Ishita,Nair,Female,ishita.nair@gmail.com,Amritsar,Punjab,7/10/2025
311,Vivek,Iyer,Male,vivek.iyer@gmail.com,Jammu,Jammu & Kashmir,11/25/2024
312,Ritika,Arora,Female,ritika.arora@gmail.com,Indore,Madhya Pradesh,8/8/2025
313,Vivek,Joshi,Male,vivek.joshi@gmail.com,Vadodara,Gujarat,2/24/2025
314,Sneha,Nair,Female,sneha.nair@gmail.com,Shimla,Himachal Pradesh,4/29/2025
315,Vivek,Agarwal,Male,vivek.agarwal2@gmail.com,Kolkata,West Bengal,10/29/2025
316,Pooja,Bansal,Female,pooja.bansal2@gmail.com,Mumbai,Maharashtra,5/9/2024
317,Ankit,Khan,Male,ankit.khan@gmail.com,Hyderabad,Telangana,4/12/2024
318,Nandini,Patel,Female,nandini.patel@gmail.com,Ludhiana,Punjab,4/12/2025
319,Rahul,Pandey,Male,rahul.pandey2@gmail.com,Jaipur,Rajasthan,2/23/2025
320,Pooja,Singh,Female,pooja.singh@gmail.com,Chennai,Tamil Nadu,9/28/2024
321,Manish,Chauhan,Male,manish.chauhan2@gmail.com,Gurugram,Haryana,2/11/2025
322,Anjali,Kulkarni,Female,anjali.kulkarni2@gmail.com,Hyderabad,Telangana,11/21/2025
323,Abhishek,Agarwal,Male,abhishek.agarwal@gmail.com,Hyderabad,Telangana,10/3/2025
324,Shreya,Kulkarni,Female,shreya.kulkarni@gmail.com,Amritsar,Punjab,2/6/2024
325,Yash,Singh,Male,yash.singh2@gmail.com,Indore,Madhya Pradesh,10/8/2025
326,Ayesha,Joshi,Female,ayesha.joshi2@gmail.com,Shimla,Himachal Pradesh,4/2/2024
327,Mohit,Patel,Male,mohit.patel@gmail.com,Varanasi,Uttar Pradesh,10/10/2025
328,Neha,Iyer,Female,neha.iyer@gmail.com,Bhopal,Madhya Pradesh,12/11/2025
329,Harsh,Chopra,Male,harsh.chopra@gmail.com,Delhi,Delhi,2/17/2024
330,Divya,Srivastava,Female,divya.srivastava2@gmail.com,Mumbai,Maharashtra,10/27/2024
331,Akash,Tiwari,Male,akash.tiwari@gmail.com,Noida,Uttar Pradesh,5/29/2024
332,Meera,Kaur,Female,meera.kaur@gmail.com,Noida,Uttar Pradesh,8/2/2025
333,Arjun,Mishra,Male,arjun.mishra@gmail.com,Bhopal,Madhya Pradesh,3/21/2024
334,Swati,Kulkarni,Female,swati.kulkarni@gmail.com,Kanpur,Uttar Pradesh,9/26/2025
335,Saurabh,Bansal,Male,saurabh.bansal@gmail.com,Jammu,Jammu & Kashmir,8/20/2025
336,Pooja,Joshi,Female,pooja.joshi@gmail.com,Nagpur,Maharashtra,10/15/2025
337,Nikhil,Iyer,Male,nikhil.iyer@gmail.com,Patna,Bihar,11/13/2025
338,Priya,Chopra,Female,priya.chopra@gmail.com,Visakhapatnam,Andhra Pradesh,4/21/2025
339,Harsh,Malhotra,Male,harsh.malhotra@gmail.com,Amritsar,Punjab,6/10/2024
340,Anjali,Iyer,Female,anjali.iyer@gmail.com,Kochi,Kerala,8/24/2025
341,Harsh,Ghosh,Male,harsh.ghosh@gmail.com,Noida,Uttar Pradesh,12/7/2025
342,Simran,Iyer,Female,simran.iyer@gmail.com,Vadodara,Gujarat,11/5/2024
343,Aditya,Agarwal,Male,aditya.agarwal@gmail.com,Vadodara,Gujarat,5/9/2025
344,Neha,Joshi,Female,neha.joshi2@gmail.com,Kanpur,Uttar Pradesh,8/8/2025
345,Akash,Khan,Male,akash.khan@gmail.com,Chandigarh,Punjab,12/17/2025
346,Ayesha,Sharma,Female,ayesha.sharma@gmail.com,Ranchi,Jharkhand,11/5/2025
347,Vivek,Yadav,Male,vivek.yadav2@gmail.com,Delhi,Delhi,8/2/2025
348,Sneha,Chauhan,Female,sneha.chauhan@gmail.com,Shimla,Himachal Pradesh,5/23/2025
349,Harsh,Reddy,Male,harsh.reddy2@gmail.com,Visakhapatnam,Andhra Pradesh,8/23/2024
350,Swati,Srivastava,Female,swati.srivastava3@gmail.com,Kochi,Kerala,8/12/2024
351,Aditya,Chauhan,Male,aditya.chauhan@gmail.com,Patna,Bihar,11/25/2025
352,Pooja,Ghosh,Female,pooja.ghosh@gmail.com,Ahmedabad,Gujarat,10/4/2025
353,Amit,Kapoor,Male,amit.kapoor@gmail.com,Visakhapatnam,Andhra Pradesh,3/27/2025
354,Sneha,Khan,Female,sneha.khan2@gmail.com,Kochi,Kerala,5/14/2024
355,Rohan,Kapoor,Male,rohan.kapoor2@gmail.com,Hyderabad,Telangana,3/1/2025
356,Kavya,Mehta,Female,kavya.mehta@gmail.com,Jaipur,Rajasthan,7/6/2025
357,Akash,Kaur,Male,akash.kaur@gmail.com,Ludhiana,Punjab,10/6/2024
358,Kavya,Yadav,Female,kavya.yadav2@gmail.com,Jammu,Jammu & Kashmir,5/8/2025
359,Harsh,Pandey,Male,harsh.pandey@gmail.com,Vadodara,Gujarat,12/12/2024
360,Neha,Iyer,Female,neha.iyer2@gmail.com,Lucknow,Uttar Pradesh,5/24/2024
361,Saurabh,Kulkarni,Male,saurabh.kulkarni@gmail.com,Kolkata,West Bengal,11/21/2025
362,Tanvi,Kulkarni,Female,tanvi.kulkarni@gmail.com,Visakhapatnam,Andhra Pradesh,7/24/2025
363,Akash,Singh,Male,akash.singh@gmail.com,Visakhapatnam,Andhra Pradesh,2/8/2025
364,Priya,Yadav,Female,priya.yadav@gmail.com,Amritsar,Punjab,5/6/2024
365,Rajat,Tiwari,Male,rajat.tiwari@gmail.com,Kolkata,West Bengal,11/19/2025
366,Simran,Khan,Female,simran.khan@gmail.com,Kanpur,Uttar Pradesh,10/15/2025
367,Akash,Patel,Male,akash.patel@gmail.com,Kolkata,West Bengal,8/27/2024
368,Shreya,Sharma,Female,shreya.sharma2@gmail.com,Bengaluru,Karnataka,7/28/2025
369,Manish,Chauhan,Male,manish.chauhan3@gmail.com,Indore,Madhya Pradesh,10/25/2025
370,Anjali,Ghosh,Female,anjali.ghosh2@gmail.com,Ranchi,Jharkhand,4/20/2025
371,Harsh,Ghosh,Male,harsh.ghosh2@gmail.com,Noida,Uttar Pradesh,4/29/2024
372,Pooja,Verma,Female,pooja.verma@gmail.com,Mumbai,Maharashtra,11/7/2024
373,Rakesh,Patel,Male,rakesh.patel2@gmail.com,Ahmedabad,Gujarat,8/28/2024
374,Payal,Gupta,Female,payal.gupta3@gmail.com,Kanpur,Uttar Pradesh,4/9/2025
375,Akash,Malhotra,Male,akash.malhotra@gmail.com,Shimla,Himachal Pradesh,12/14/2025
376,Payal,Saxena,Female,payal.saxena2@gmail.com,Surat,Gujarat,6/7/2024
377,Mohit,Ghosh,Male,mohit.ghosh@gmail.com,Ahmedabad,Gujarat,5/16/2025
378,Swati,Saxena,Female,swati.saxena@gmail.com,Patna,Bihar,2/3/2024
379,Akash,Mehta,Male,akash.mehta@gmail.com,Nagpur,Maharashtra,3/31/2025
380,Meera,Kulkarni,Female,meera.kulkarni@gmail.com,Kochi,Kerala,4/11/2024
381,Akash,Jain,Male,akash.jain@gmail.com,Nashik,Maharashtra,10/22/2025
382,Ishita,Verma,Female,ishita.verma@gmail.com,Kanpur,Uttar Pradesh,10/9/2024
383,Aditya,Patel,Male,aditya.patel@gmail.com,Vadodara,Gujarat,4/10/2025
384,Anjali,Malhotra,Female,anjali.malhotra2@gmail.com,Pune,Maharashtra,10/19/2025
385,Yash,Sharma,Male,yash.sharma@gmail.com,Mumbai,Maharashtra,12/7/2024
386,Meera,Gupta,Female,meera.gupta@gmail.com,Visakhapatnam,Andhra Pradesh,8/1/2025
387,Aditya,Singh,Male,aditya.singh3@gmail.com,Ranchi,Jharkhand,7/21/2025
388,Ritika,Khan,Female,ritika.khan@gmail.com,Pune,Maharashtra,8/26/2024
389,Manish,Reddy,Male,manish.reddy@gmail.com,Jaipur,Rajasthan,9/2/2025
390,Priya,Yadav,Female,priya.yadav2@gmail.com,Vadodara,Gujarat,5/28/2024
391,Vikas,Jain,Male,vikas.jain2@gmail.com,Patna,Bihar,6/27/2024
392,Neha,Malhotra,Female,neha.malhotra@gmail.com,Vadodara,Gujarat,1/27/2024
393,Vikas,Sharma,Male,vikas.sharma@gmail.com,Kochi,Kerala,8/31/2024
394,Muskan,Nair,Female,muskan.nair@gmail.com,Delhi,Delhi,6/27/2024
395,Nikhil,Verma,Male,nikhil.verma@gmail.com,Jaipur,Rajasthan,3/7/2025
396,Riya,Patel,Female,riya.patel@gmail.com,Shimla,Himachal Pradesh,3/6/2024
397,Rakesh,Iyer,Male,rakesh.iyer@gmail.com,Varanasi,Uttar Pradesh,1/5/2025
398,Riya,Khan,Female,riya.khan@gmail.com,Ahmedabad,Gujarat,4/7/2025
399,Ankit,Joshi,Male,ankit.joshi@gmail.com,Bengaluru,Karnataka,2/14/2024
400,Riya,Kapoor,Female,riya.kapoor@gmail.com,Nagpur,Maharashtra,10/20/2025
401,Rahul,Verma,Male,rahul.verma@gmail.com,Chennai,Tamil Nadu,2/15/2025
402,Sakshi,Malhotra,Female,sakshi.malhotra@gmail.com,Ahmedabad,Gujarat,5/17/2025
403,Rajat,Singh,Male,rajat.singh2@gmail.com,Nashik,Maharashtra,3/23/2024
404,Divya,Chauhan,Female,divya.chauhan2@gmail.com,Jaipur,Rajasthan,3/8/2024
405,Vikas,Yadav,Male,vikas.yadav2@gmail.com,Bengaluru,Karnataka,10/10/2025
406,Muskan,Jain,Female,muskan.jain2@gmail.com,Gurugram,Haryana,11/28/2024
407,Vivek,Chauhan,Male,vivek.chauhan@gmail.com,Ludhiana,Punjab,10/28/2024
408,Nandini,Kaur,Female,nandini.kaur@gmail.com,Bengaluru,Karnataka,3/16/2025
409,Karan,Srivastava,Male,karan.srivastava@gmail.com,Gurugram,Haryana,4/27/2024
410,Payal,Pandey,Female,payal.pandey3@gmail.com,Vadodara,Gujarat,8/8/2024
411,Mohit,Iyer,Male,mohit.iyer@gmail.com,Nashik,Maharashtra,8/21/2024
412,Sakshi,Nair,Female,sakshi.nair@gmail.com,Ranchi,Jharkhand,4/9/2025
413,Vivek,Saxena,Male,vivek.saxena@gmail.com,Shimla,Himachal Pradesh,4/7/2024
414,Divya,Saxena,Female,divya.saxena2@gmail.com,Hyderabad,Telangana,11/12/2025
415,Nikhil,Tiwari,Male,nikhil.tiwari2@gmail.com,Jaipur,Rajasthan,12/4/2025
416,Shreya,Singh,Female,shreya.singh2@gmail.com,Lucknow,Uttar Pradesh,3/28/2024
417,Rohan,Saxena,Male,rohan.saxena@gmail.com,Ahmedabad,Gujarat,1/16/2025
418,Pooja,Jain,Female,pooja.jain@gmail.com,Mumbai,Maharashtra,8/23/2025
419,Abhishek,Jain,Male,abhishek.jain@gmail.com,Hyderabad,Telangana,11/17/2025
420,Neha,Saxena,Female,neha.saxena@gmail.com,Kochi,Kerala,11/12/2025
421,Mohit,Kulkarni,Male,mohit.kulkarni@gmail.com,Jammu,Jammu & Kashmir,2/22/2024
422,Ayesha,Chauhan,Female,ayesha.chauhan2@gmail.com,Chandigarh,Punjab,12/26/2024
423,Karan,Khan,Male,karan.khan@gmail.com,Ludhiana,Punjab,8/5/2024
424,Pooja,Malhotra,Female,pooja.malhotra2@gmail.com,Chennai,Tamil Nadu,8/17/2024
425,Karan,Tiwari,Male,karan.tiwari@gmail.com,Vadodara,Gujarat,7/23/2025
426,Ishita,Patel,Female,ishita.patel@gmail.com,Varanasi,Uttar Pradesh,10/12/2024
427,Rohit,Joshi,Male,rohit.joshi@gmail.com,Visakhapatnam,Andhra Pradesh,3/15/2025
428,Payal,Reddy,Female,payal.reddy2@gmail.com,Ranchi,Jharkhand,9/28/2025
429,Yash,Malhotra,Male,yash.malhotra@gmail.com,Dehradun,Uttarakhand,7/24/2025
430,Priya,Chauhan,Female,priya.chauhan@gmail.com,Jammu,Jammu & Kashmir,11/4/2025
431,Nikhil,Sharma,Male,nikhil.sharma@gmail.com,Bhopal,Madhya Pradesh,10/6/2024
432,Ayesha,Nair,Female,ayesha.nair@gmail.com,Kochi,Kerala,1/7/2024
433,Arjun,Kulkarni,Male,arjun.kulkarni@gmail.com,Jaipur,Rajasthan,8/2/2025
434,Tanvi,Singh,Female,tanvi.singh@gmail.com,Jaipur,Rajasthan,10/10/2025
435,Rahul,Singh,Male,rahul.singh3@gmail.com,Shimla,Himachal Pradesh,6/27/2025
436,Ritika,Agarwal,Female,ritika.agarwal@gmail.com,Noida,Uttar Pradesh,4/9/2025
437,Manish,Mishra,Male,manish.mishra@gmail.com,Kochi,Kerala,11/15/2024
438,Divya,Reddy,Female,divya.reddy@gmail.com,Surat,Gujarat,9/2/2025
439,Rohan,Chopra,Male,rohan.chopra@gmail.com,Mumbai,Maharashtra,6/8/2024
440,Kavya,Reddy,Female,kavya.reddy@gmail.com,Bengaluru,Karnataka,2/20/2024
441,Rohan,Yadav,Male,rohan.yadav2@gmail.com,Nagpur,Maharashtra,11/8/2025
442,Sakshi,Bansal,Female,sakshi.bansal@gmail.com,Bengaluru,Karnataka,3/28/2025
443,Mohit,Yadav,Male,mohit.yadav@gmail.com,Pune,Maharashtra,6/8/2025
444,Neha,Tiwari,Female,neha.tiwari@gmail.com,Noida,Uttar Pradesh,4/23/2024
445,Harsh,Malhotra,Male,harsh.malhotra2@gmail.com,Kolkata,West Bengal,8/30/2025
446,Shreya,Kaur,Female,shreya.kaur2@gmail.com,Kolkata,West Bengal,11/11/2024
447,Amit,Joshi,Male,amit.joshi3@gmail.com,Kanpur,Uttar Pradesh,9/5/2025
448,Sneha,Sharma,Female,sneha.sharma2@gmail.com,Pune,Maharashtra,11/4/2024
449,Aditya,Reddy,Male,aditya.reddy@gmail.com,Jaipur,Rajasthan,9/18/2024
450,Ayesha,Nair,Female,ayesha.nair2@gmail.com,Ahmedabad,Gujarat,1/8/2024
451,Rakesh,Pandey,Male,rakesh.pandey@gmail.com,Noida,Uttar Pradesh,6/28/2024
452,Pooja,Agarwal,Female,pooja.agarwal@gmail.com,Amritsar,Punjab,12/21/2025
453,Saurabh,Kaur,Male,saurabh.kaur2@gmail.com,Amritsar,Punjab,11/15/2025
454,Ishita,Singh,Female,ishita.singh2@gmail.com,Kanpur,Uttar Pradesh,2/13/2024
455,Mohit,Sharma,Male,mohit.sharma3@gmail.com,Nagpur,Maharashtra,3/20/2024
456,Divya,Khan,Female,divya.khan@gmail.com,Noida,Uttar Pradesh,8/10/2025
457,Vivek,Arora,Male,vivek.arora@gmail.com,Dehradun,Uttarakhand,3/3/2025
458,Ayesha,Patel,Female,ayesha.patel@gmail.com,Kanpur,Uttar Pradesh,1/22/2024
459,Manish,Mishra,Male,manish.mishra2@gmail.com,Visakhapatnam,Andhra Pradesh,9/24/2025
460,Nandini,Desai,Female,nandini.desai@gmail.com,Gurugram,Haryana,1/5/2025
461,Rohan,Saxena,Male,rohan.saxena2@gmail.com,Vadodara,Gujarat,4/18/2024
462,Meera,Saxena,Female,meera.saxena@gmail.com,Surat,Gujarat,2/14/2025
463,Ankit,Singh,Male,ankit.singh@gmail.com,Kanpur,Uttar Pradesh,11/13/2024
464,Divya,Joshi,Female,divya.joshi@gmail.com,Hyderabad,Telangana,6/21/2024
465,Rohan,Kaur,Male,rohan.kaur@gmail.com,Dehradun,Uttarakhand,4/26/2024
466,Riya,Kaur,Female,riya.kaur@gmail.com,Pune,Maharashtra,12/23/2024
467,Akash,Pandey,Male,akash.pandey@gmail.com,Ranchi,Jharkhand,10/22/2025
468,Pooja,Joshi,Female,pooja.joshi2@gmail.com,Ahmedabad,Gujarat,5/29/2024
469,Nikhil,Mehta,Male,nikhil.mehta@gmail.com,Bhopal,Madhya Pradesh,9/8/2025
470,Pooja,Reddy,Female,pooja.reddy@gmail.com,Varanasi,Uttar Pradesh,11/2/2025
471,Rohan,Mishra,Male,rohan.mishra@gmail.com,Varanasi,Uttar Pradesh,10/5/2025
472,Shreya,Iyer,Female,shreya.iyer2@gmail.com,Varanasi,Uttar Pradesh,7/31/2025
473,Rohit,Iyer,Male,rohit.iyer@gmail.com,Kolkata,West Bengal,8/1/2025
474,Swati,Nair,Female,swati.nair2@gmail.com,Vadodara,Gujarat,10/4/2025
475,Manish,Gupta,Male,manish.gupta@gmail.com,Nagpur,Maharashtra,3/10/2024
476,Shreya,Iyer,Female,shreya.iyer3@gmail.com,Dehradun,Uttarakhand,11/6/2024
477,Nikhil,Khan,Male,nikhil.khan2@gmail.com,Mumbai,Maharashtra,12/26/2024
478,Riya,Singh,Female,riya.singh@gmail.com,Chandigarh,Punjab,4/17/2025
479,Rajat,Verma,Male,rajat.verma@gmail.com,Mumbai,Maharashtra,1/12/2025
480,Ayesha,Singh,Female,ayesha.singh@gmail.com,Dehradun,Uttarakhand,4/2/2024
481,Yash,Chauhan,Male,yash.chauhan@gmail.com,Ludhiana,Punjab,1/28/2025
482,Nandini,Khan,Female,nandini.khan@gmail.com,Amritsar,Punjab,2/12/2024
483,Rajat,Srivastava,Male,rajat.srivastava@gmail.com,Surat,Gujarat,10/29/2025
484,Ritika,Nair,Female,ritika.nair@gmail.com,Bengaluru,Karnataka,5/2/2025
485,Ankit,Gupta,Male,ankit.gupta@gmail.com,Mumbai,Maharashtra,4/6/2025
486,Neha,Srivastava,Female,neha.srivastava@gmail.com,Nashik,Maharashtra,12/17/2024
487,Rohan,Kaur,Male,rohan.kaur2@gmail.com,Dehradun,Uttarakhand,6/25/2024
488,Sneha,Joshi,Female,sneha.joshi@gmail.com,Gurugram,Haryana,3/24/2025
489,Rajat,Kaur,Male,rajat.kaur@gmail.com,Ludhiana,Punjab,9/16/2025
490,Kavya,Tiwari,Female,kavya.tiwari@gmail.com,Kochi,Kerala,10/16/2024
491,Vivek,Saxena,Male,vivek.saxena2@gmail.com,Varanasi,Uttar Pradesh,12/12/2024
492,Swati,Verma,Female,swati.verma@gmail.com,Visakhapatnam,Andhra Pradesh,10/8/2025
493,Manish,Singh,Male,manish.singh@gmail.com,Hyderabad,Telangana,4/6/2024
494,Payal,Malhotra,Female,payal.malhotra@gmail.com,Kanpur,Uttar Pradesh,10/17/2024
495,Nikhil,Pandey,Male,nikhil.pandey2@gmail.com,Vadodara,Gujarat,11/3/2025
496,Swati,Kulkarni,Female,swati.kulkarni2@gmail.com,Jaipur,Rajasthan,12/7/2024
497,Rohan,Khan,Male,rohan.khan@gmail.com,Kolkata,West Bengal,5/24/2024
498,Ishita,Kapoor,Female,ishita.kapoor2@gmail.com,Dehradun,Uttarakhand,12/16/2025
499,Vivek,Gupta,Male,vivek.gupta@gmail.com,Bengaluru,Karnataka,12/26/2025
500,Anjali,Kapoor,Female,anjali.kapoor@gmail.com,Amritsar,Punjab,1/20/2025
